name,service
Garrett Lin,ICU
Ashley Waller,ICU
Larry Dixon,ICU
Elizabeth Kelley,ICU
Rebecca Jackson,ICU
Angel Perry,ICU
Cheyenne Horton,ICU
Patricia Rodriguez,ICU
Brenda Hall,ICU
Joshua Perry,ICU
John Anderson,ICU
Alyssa Day,ICU
Daniel Murphy,ICU
Joshua Cooke,ICU
Nicole Herring,ICU
Lawrence Adkins,ICU
Alexander Collins,ICU
Tina Sanders,ICU
Ashley Barton,ICU
Samantha Garcia,ICU
Jessica Gross,ICU
Debra Christian,ICU
Adam Vaughan,ICU
Erin Warner,ICU
Cathy Robinson,ICU
Dr. William Warren,ICU
Christopher Smith,ICU
Bailey Duran DDS,ICU
Jeremy Dalton,ICU
Elizabeth Oliver DDS,ICU
Laura Roberts,ICU
Andrew Reynolds,ICU
David Davis,ICU
Shannon Rivera,ICU
Krista Gibson,ICU
Frank Cordova,ICU
Denise Davenport,ICU
Mrs. Kristen Reyes,ICU
Veronica Simpson,ICU
Jonathan Lawrence,ICU
Nathan Malone,ICU
Jessica Garcia,ICU
Megan Le,ICU
Maria Parker,ICU
Victor Taylor,ICU
Ashley Hall,ICU
Susan Turner,ICU
Brandy Chavez,ICU
Colton Martinez,ICU
Jordan Bates,ICU
Andrea Hubbard,ICU
Daniel Kane,ICU
Scott Thomas,ICU
Cynthia Morris,ICU
Theresa Williams,ICU
Christian Leblanc,ICU
Parker Cain,ICU
Kenneth Lewis,ICU
Allison Hickman,ICU
Paula Bradley,ICU
Chad Scott,ICU
Jennifer Collins,ICU
Robin Young,ICU
Mary Thompson,ICU
Joann Glass,ICU
Madison Weber,ICU
Lori Hernandez,ICU
Jeremy Turner,ICU
Jesse Brown,ICU
Lisa Hunter,ICU
Antonio Garcia,ICU
Carrie Wright,ICU
Gregory Ponce,ICU
Robin Santiago,ICU
Joann Ferguson,ICU
Robert Harrison,ICU
Phillip Nelson,ICU
Brittany Kim,ICU
Jose Allen,ICU
Jason Beck,ICU
William Jones,ICU
Jeanette Harrison,ICU
Evelyn Williams,ICU
Judith Carter,ICU
Curtis Williams,ICU
Jonathan Glass MD,ICU
Lance Simmons,ICU
Heather Bolton,ICU
Lawrence Harrington,ICU
Austin Osborne,ICU
Meghan Rush,ICU
Jennifer Banks,ICU
Brian Fitzgerald,ICU
Zachary Mitchell,ICU
Michelle Ho,ICU
Allison Spencer,ICU
Robert Arnold,ICU
Angelica Parker,ICU
Michael Cooper,ICU
Anthony Gonzales,ICU
Emma Owens,ICU
David Davis,ICU
Sean Moore,ICU
Kenneth Edwards,ICU
Julie Herrera,ICU
Pamela Diaz,ICU
Kelly Lee,ICU
Angel Gordon,ICU
Nicole Gonzalez,ICU
Molly Watts,ICU
Kelly Edwards,ICU
Raymond Le,ICU
Denise Martinez,ICU
Dwayne Klein,ICU
Jeremy Scott,ICU
Laurie Sanchez,ICU
Randy Smith,ICU
Casey Gillespie,ICU
Todd Rosales MD,ICU
Brian Martin,ICU
Casey Hernandez,ICU
Amy Kelley,ICU
Laura Hernandez,ICU
Samuel Turner,ICU
Tammy Boone,ICU
Timothy Hayden,ICU
Zachary Mendoza,ICU
Larry Harris,ICU
Kristen Rowe,ICU
Jose Crawford,ICU
James Whitaker,ICU
Mr. Michael Scott PhD,ICU
Pamela Gutierrez,ICU
Shannon Malone,ICU
Anthony Jones,ICU
Stephanie Elliott,ICU
Mary Miller,ICU
Edgar Hughes,ICU
Vincent Novak,ICU
Rachel Jones,ICU
Margaret Miller,ICU
Samuel Wong,ICU
Carly Riggs,ICU
Christopher Moore,ICU
Tina Hall,ICU
Kevin Price,ICU
Jerry Brown,ICU
Krista Wilson,ICU
Kimberly Fritz,ICU
Robert Gonzales,ICU
Anna Estes,ICU
Beth Cline,ICU
Monica Ellis,ICU
Heather Brown,ICU
Derrick Clayton,ICU
Kenneth Knight,ICU
Tyler Harris,ICU
Bonnie Santos,ICU
Carol Sanders,ICU
Alexandra Dominguez,ICU
Donald Miller,ICU
Steven Blevins,ICU
Brian Porter MD,ICU
Vanessa Hatfield,ICU
Lisa Ramirez,ICU
Kimberly Myers,ICU
Sandra Becker,ICU
Amy Miller,ICU
Michael Miles,ICU
Chris Velazquez,ICU
Kristen Sloan,ICU
Jake Shaw,ICU
Dr. Andrea Marshall,ICU
Ryan Murphy,ICU
Christie Mccullough,ICU
David Reed,ICU
Johnathan Brown,ICU
William Miller,ICU
Cynthia Green,ICU
Samantha Terry,ICU
Russell Murphy,ICU
Amanda Sullivan MD,ICU
Brenda Smith,ICU
Alison Brown,ICU
Jill Anderson,ICU
Sandra Rivera,ICU
Edward Jenkins,ICU
Curtis Wilkerson,ICU
Lydia Pham,ICU
Joshua Washington,ICU
Francis Robinson,ICU
Paula Brown,ICU
Kendra Wang DVM,ICU
Renee Wolfe,ICU
Alyssa Haynes,ICU
William Keith,ICU
Erica Johnson,ICU
Tom Foster,ICU
Eric Taylor,ICU
Taylor Taylor,ICU
Cynthia Haas,ICU
Margaret Tanner,ICU
David Rodriguez,ICU
Anthony Armstrong,ICU
Brittany Ward,ICU
Edward Stanley,ICU
Edgar Miller,ICU
Elizabeth Sanders,ICU
Stephen Wood,ICU
Dennis Marshall,ICU
Derrick Brown,ICU
Joshua Arellano,ICU
Kathryn Lester,ICU
James Nguyen,ICU
James Washington,ICU
Samantha Robertson,ICU
Samuel Suarez,ICU
Corey Whitaker,ICU
Michele Hill,ICU
Hannah Martin,ICU
James Martin,ICU
Alejandro Deleon,ICU
Alexa Buck,ICU
Michael Holloway,ICU
Lisa Evans,ICU
Arthur Mcneil,ICU
David Stokes,ICU
Catherine Frazier,ICU
Julie Delacruz,ICU
Brenda Gonzalez,ICU
Eugene Baldwin,ICU
Katherine Gallagher,ICU
Lucas Schultz,ICU
Frank Whitaker,ICU
Michael Cooper,ICU
Nicholas Carlson,ICU
Travis Hull,ICU
Nicholas Lawrence,ICU
Jacob Santos,ICU
Jennifer James,ICU
Kara Hernandez,ICU
